head,tail,1
580,738,-3.100846118102853
26,11,-2.4078717652933004
723,8,5.0518034773741896
111,712,8.757744556997116
660,858,15.014606491278752
605,97,0.8062803695866605
61,358,8.584023375383106
26,47,-0.31094676507360763
927,115,-0.46699162879853967
127,819,12.752836847426325
118,350,-6.979959069289764
105,110,0.9420574692783498
992,582,5.343746958671239
38,109,1.5281907770463674
1072,177,1.9620123318821974
466,251,11.800274042054133
99,112,2.1922601049686863
677,220,3.4455591981091973
689,126,-6.141671395780832
81,12,3.0765295457692425
534,12,0.8759841169160885
1185,15,3.616881311326334
302,904,2.4750875463481345
101,110,1.047947719154461
935,750,9.285478650036959
740,15,3.304663370477052
522,75,6.657439955736748
300,71,2.690570910552058
1033,186,19.795014791664617
844,765,0.32563990872306847
747,55,2.6043703231829975
151,144,-2.2526786287999534
749,64,12.669248607657567
64,96,-8.872176721957723
101,19,7.01695361323743
870,55,6.957705053702939
171,49,1.2603488598491666
71,29,3.587865090216732
379,118,2.0124624460606855
1060,15,5.170676653845333
123,775,8.265896621917229
802,652,14.08436575628519
99,136,-0.7622928801920684
134,3,5.029155579110354
915,53,7.967762516218448
71,2,0.1520992035380494
9,94,3.4568733184642344
270,226,5.223479769032309
106,111,0.5915673471737057
96,111,-1.317785463069291
942,224,0.22133551966736614
526,113,4.209221537099151
149,96,1.5331783761011968
178,123,-4.053732923443511
1034,15,0.9080535924721717
302,983,3.757615548478359
151,153,2.779356934073311
66,83,4.201834079115478
694,94,4.963643604957841
63,121,2.821278423986847
584,114,8.813708389491378
1101,445,0.34532020969181665
370,546,15.500031553266071
221,933,12.186384013240128
799,667,-1.0752010462328587
172,90,1.314872134813783
117,751,3.1830430108598287
23,102,-1.2982378547795426
3,44,0.8888382562338545
486,125,0.15568690524162923
433,5,3.339734492440383
157,5,1.1544301933919172
516,784,1.9033543998134694
247,53,6.798912704603928
385,70,5.027822281920153
738,792,5.758443580088038
171,46,-6.210253642547991
59,49,0.219592320534479
337,27,-0.5799810942841865
93,112,6.060943724530575
27,98,-1.3759810674129038
927,689,4.201345928476781
696,4,3.9941272236376513
880,368,11.607153602946795
818,667,6.823929018624611
37,121,1.7489788767964338
927,222,4.586374493282509
64,578,5.784144024533228
346,42,0.07710075790603355
82,5,3.3359896263356412
157,13,2.238173933622276
302,486,2.254658118584887
27,47,-2.6717172343278124
845,807,9.700739097450104
1044,224,7.0416871061354716
309,102,1.9592231176648989
857,681,2.8444608570035874
762,841,4.0419971751318915
412,136,4.62088402448081
762,126,7.93286040257885
736,403,0.3181939757363651
270,582,1.0108750571480822
13,90,-0.9552190468439548
1053,183,4.6942994627993935
486,539,6.6058543410056965
171,66,-0.39592810267973
48,94,0.6431053053870096
783,515,6.27037767455012
97,120,-0.6545707833835207
106,109,2.1758652400366247
445,838,4.074098960554538
961,127,6.512777487496158
794,855,3.8213074688600166
860,15,2.792138479358281
1039,302,4.512542037520968
519,777,7.15353217313891
792,55,3.9424011435428823
282,103,-0.00466676830773061
147,140,7.591196157390263
476,143,10.767958000610932
332,107,2.1885900633026334
157,94,3.043460310914235
79,69,-0.04740896556966781
642,643,3.376488172961567
787,121,2.5563553348064367
248,11,5.965480747875157
745,736,8.13644109009873
807,177,8.225665564724077
508,5,1.8959444042331755
868,1039,2.430191669160034
985,677,5.505748693623151
991,741,6.081302354066408
637,120,11.104468901999784
551,739,2.049445883348851
515,219,9.075876498792113
17,43,-1.0699966224834345
653,97,1.1274152172950034
869,777,9.270961598160055
352,125,-0.625228988663091
13,95,4.273435717490508
332,157,0.9526955603800794
828,811,6.584712108309342
127,487,2.5849730247732836
50,150,-1.3307543327990932
379,15,2.0262591023198397
766,712,-0.8945413380882069
32,243,-0.910464677326521
874,584,7.663138304573168
754,537,8.887489041493488
353,117,0.7487141658130805
267,90,-3.244519922223523
1141,116,2.398387170117539
346,83,-1.143303713511136
17,40,6.0220643730600925
64,58,2.4949519267975604
978,584,3.499610906127899
50,55,9.566135445577451
16,113,7.761165970205902
71,36,2.3545503709320594
209,32,-3.480180081139853
249,8,8.401081237011008
775,94,2.5396192812514573
60,53,2.4594514593322163
762,125,1.7521756165261846
503,182,4.369744845841134
920,221,6.204658276473726
337,108,1.475528176786388
884,584,5.367213453196611
1215,368,-3.462352329938808
135,63,1.8961166385253674
344,12,8.501981698948775
42,121,4.601614295246954
97,348,5.146899581628628
904,551,-0.9787752441975691
777,899,1.3679005002317939
903,118,4.704076337240198
95,96,2.0114470604836505
1093,177,6.885547646175101
13,244,2.5675506084912607
814,667,4.322720671691099
109,90,2.099770283904099
134,131,6.414460063743723
127,222,3.6045076448902313
206,26,3.9209311868553782
929,168,-3.0938381300090154
182,49,1.6279246156462777
38,153,0.4242078330420565
75,284,3.93372627740745
808,582,3.278822173533359
224,55,6.625123874361889
168,117,-0.14450492022573835
2,129,3.3155964367520174
298,8,9.375966073242822
282,36,6.739929139533372
845,782,7.671233959831002
108,53,5.8682022584573605
992,220,14.357415432371653
868,956,15.866032136477983
927,786,0.652876682025857
1042,758,5.672773256405857
120,125,2.3273091191691266
812,772,5.837247856804968
874,1003,-1.7245628572355427
165,152,4.10194638247139
479,192,6.152842914322772
155,712,3.00346230759474
344,651,19.303047606834227
188,113,7.227584789621296
182,11,3.4175798193463343
535,177,2.4126537062528275
309,179,12.759304579428953
784,117,2.62292095932791
188,35,5.495083743583818
1110,177,3.239789229495677
193,26,2.5161607173060094
826,770,9.963008800286003
845,121,3.1601546995395395
1094,15,2.5022733650981643
771,222,11.906463698946252
108,51,1.4630807519377995
117,514,7.550102942579072
172,14,1.3111479534687605
173,94,0.3987120572655622
660,11,0.7684252523827687
81,89,1.8018931563096563
766,584,-0.0446250686649554
487,736,-7.608045956372405
484,348,2.4358553380618564
150,108,0.6954228277902172
985,198,6.201091619291736
538,189,17.237804864033766
242,5,2.8081957925828545
193,261,2.7510707661226674
927,587,5.894048827876219
624,23,3.1730176577400235
235,294,3.443690679386813
562,2,7.262876728577483
1136,5,7.253948509143357
101,69,1.9738741766582995
1072,739,-6.597398543391933
94,3,-0.2688132437259484
182,209,7.243209782609465
1199,121,4.238769401376778
892,117,3.534005570098401
501,1054,9.317355117973706
513,516,8.04893995830558
956,379,5.789639420529453
551,127,4.322568027589524
324,91,4.008479020246131
485,751,7.362272326282509
339,49,9.526549262719328
1107,224,2.4121981082760393
105,277,1.8365992902307056
338,514,4.397372190636777
624,8,1.0640925436427946
68,154,1.8873315433778237
583,738,6.612285676454957
402,707,11.38442280668831
1218,27,-0.05336835931889163
325,24,1.4990558175499564
118,772,2.988719760746569
1099,462,7.757189455825558
992,183,1.1083785004868776
388,5,2.292108840090897
787,786,-1.2142902224264944
584,123,8.09489515638216
64,187,4.0582192390681495
1139,394,0.6124300869592384
107,112,-1.4587618457128015
385,3,5.676972295903695
178,663,0.4540662639989629
1024,126,0.3191884427987449
1191,630,6.481086029498645
157,114,14.516650847956397
78,51,2.554766491303185
791,224,-4.783786351305542
70,158,9.05685079344623
660,391,3.0620673124685855
936,678,3.674608162907524
515,117,-3.5762701583405425
171,61,1.5611842108835292
172,48,0.49992334401518906
812,121,3.405387019813014
485,581,8.958695153356608
992,515,0.758146286952734
1184,183,8.427125373238484
280,26,0.4826155714751178
112,14,0.3330006572148304
1205,952,6.544800238426469
302,1046,3.706087511372412
420,306,1.7495034188906857
1079,118,5.608198474556637
1205,446,4.778917126395064
522,11,3.155200024313107
624,48,0.20465515999502748
90,94,-2.446472918314966
98,99,1.7263871323026012
541,70,4.04212475635754
805,582,5.666451378725773
791,168,3.195025430101503
346,96,3.406796481485513
339,446,-1.5086472114571925
282,153,2.5902292315829603
562,3,10.439299173293028
778,177,1.2166863158590917
40,99,0.5018487896419636
1174,368,2.9344596424877083
127,1038,4.573084213048839
4,234,9.010104228018024
913,1196,10.958662677078301
107,83,3.2525792731702516
584,115,2.3520084581440566
93,240,5.328608067003621
302,1017,7.047851180080258
158,24,4.304343165795965
96,89,1.1115238233019333
23,94,-2.315634665617709
1089,302,5.391722548248591
188,224,4.37626954556197
200,94,2.9246252692145904
472,5,4.004685187039464
370,699,4.676746795793962
241,136,7.993407467693769
266,136,4.6235884322392975
49,173,4.263424641736194
86,348,2.161465223844807
90,222,-0.1008700252147742
624,43,3.3417950092839184
535,784,4.091701472005386
200,103,3.7660248226977253
393,3,4.303577072810787
1107,189,6.117769105676111
64,153,-1.5999557828112965
736,754,9.427917539084811
233,141,13.709134586518129
651,920,1.8726213094841115
292,96,4.070397366887594
653,403,4.981013230749209
324,27,0.26768908106699857
738,168,5.909068425719032
459,345,2.9203452342527094
741,539,2.844755051923654
445,1104,13.156751188282733
265,302,3.639122254772325
152,27,2.456822643415493
303,310,7.583665043682633
361,94,2.7612351394494343
582,777,1.8515256477364825
98,96,1.749030845710735
632,97,5.085863724786711
173,32,4.644557373287155
399,38,4.561752029467639
1126,516,5.822689388197419
117,956,-0.5020705740656866
535,632,9.007678128862192
703,186,9.719225804425058
738,118,6.568141147270035
1004,198,0.39054336001854034
406,154,0.18879147641076108
302,160,1.2476586507113228
29,79,8.30287633273958
830,738,-0.08352171928024493
1140,1094,17.390800571384965
522,53,10.57437533066998
868,681,1.0248685633506036
874,1197,12.382091397152166
578,14,-3.560626507374626
4,91,6.630624717791023
64,557,3.7371586570805593
538,745,7.559228856149322
551,400,11.675301957762207
127,518,1.5349482517631248
23,30,6.890378899403405
579,80,0.4903271991544076
674,578,8.245291061478031
539,949,4.363469827488455
287,13,10.114447400962634
654,9,4.768132909793335
670,445,2.063917502440787
369,371,14.333848052421843
302,1001,6.590807021016186
712,224,2.3743703347774554
25,3,6.062008474574303
387,458,7.17457039618596
206,19,9.767435216374274
382,11,3.6281750496744785
129,23,4.345203192363779
839,896,4.8439765300584545
874,515,6.308623820400604
867,736,3.6380159766896156
3,2,0.14217776872893456
247,6,0.1403455434372148
360,11,4.8165692047337165
41,83,2.294352117329222
892,352,0.27569043982293384
931,222,5.3042957831775706
237,3,0.5537109193589674
5,234,5.041281718351967
991,97,3.1922372448732053
50,68,-0.5580864217382913
476,5,7.066291241394749
64,81,2.2017395266289816
111,32,0.24316998789697453
44,93,-0.2135824674336648
624,158,1.3112007706194329
118,117,-0.19798380205432825
224,5,4.260880052382347
747,183,4.933312880245985
637,77,7.739139235421116
151,111,-0.5884321165934951
942,114,1.686834263613065
675,541,6.248219514480904
123,770,3.3435250653782136
48,6,1.0856185502894777
411,307,13.103490614120897
277,244,-1.3148651458339082
150,84,0.7035254840635575
746,1109,4.884169420385889
58,67,8.109549564197588
79,170,2.832233913272941
675,14,2.2353265625400254
339,582,0.7780713852157929
1218,107,2.6100468273959185
151,105,2.978267374750807
903,400,2.7157310980691185
1191,899,5.294432175714165
794,933,5.742167632820449
215,150,7.481672790458366
771,118,0.03764087446501074
15,372,13.55005257908975
18,45,3.376583456349718
179,113,9.996302228317619
99,189,7.301178685307151
302,977,5.660802775091185
1002,629,10.592391270038986
260,32,1.6542172900897907
379,778,2.2092359704834283
839,582,4.350297371739074
1215,125,1.5912204933702165
353,462,4.047775876106191
138,3,4.626121761798011
817,738,3.458928302133236
425,117,-5.83426006043509
502,3,6.843870885725407
171,4,3.969235868548126
117,629,5.8108697640012785
810,593,8.141508087736748
242,369,4.6126407650636
677,1086,6.8971855170363146
127,736,1.0008916653194886
551,777,0.7431918072867052
782,403,5.1691212310557635
246,659,10.400568831497894
892,338,-0.31281552619782704
105,49,2.851261746301755
867,127,1.0992970970921236
352,515,2.0199622741434404
736,756,2.2930513104403847
109,13,-2.7679050660510622
26,79,5.72077663666488
237,41,8.038597785516782
123,118,0.28912214110517287
747,155,-1.0731063134031802
589,132,11.832324483724879
178,303,-1.7215950089110332
992,368,0.3282176317662543
778,594,2.1906496918076166
267,4,-0.8773311937432767
1079,55,5.637678677687398
479,5,0.3418896067849809
248,261,2.002838242447176
881,186,15.016186417303297
149,150,11.396937448913334
887,885,6.09092545780044
28,40,8.263636548964657
459,212,-5.014455998955771
579,5,1.2103556052892752
4,316,7.262058700143603
112,81,3.6834795303475323
1189,183,7.0951800867278285
852,802,5.6537972110418195
193,108,0.3282691180856676
44,519,4.355995073878051
241,75,3.9673120227167757
294,75,1.9530607119862464
294,26,2.2306415071286656
593,118,-4.949609336862055
749,391,2.546821174576801
763,485,5.430231176765063
933,519,4.600500108396537
152,265,3.6905534298445737
791,425,-0.3078916933822723
111,90,-0.8850320081667666
1064,116,14.087071858853497
818,638,-0.6549432387649452
1179,529,2.5648919528919434
274,275,2.934686037619399
445,127,8.254649811992039
784,605,3.1596586389217207
1140,770,5.512071851713174
985,127,5.770361612040672
64,71,-0.47846241317298127
784,841,6.448993893807872
105,94,-0.2541346750169292
812,935,5.681546905570357
885,118,7.109077133322468
118,353,2.330243762328564
338,446,2.933227473313777
766,94,-0.11998787854533471
626,94,2.263331317456628
1186,587,6.222941946652155
411,241,6.12356519866505
250,10,5.5953303586740475
58,50,1.972452750561251
160,850,4.426931078620163
29,112,0.8163005423895654
105,99,2.790142367530708
551,125,-3.219160050077272
794,774,5.064410758267243
731,130,11.59080103017144
61,260,7.621527934488434
653,55,0.8995351472245303
258,212,1.0020670668444824
93,170,0.42173496222880363
806,806,7.015129042521291
1173,15,5.777672572701381
107,69,2.114273740393615
660,801,5.365380317318041
120,451,4.592305436641469
883,638,-1.7591609332834177
515,678,-2.1722543537392727
557,80,9.885914906155508
678,220,16.269819066020283
282,158,0.7542141095029127
653,127,0.8677683458925576
233,519,3.9572470171517216
118,515,4.58896100398455
147,5,2.3545174547790815
302,824,2.8868258894235703
1064,12,1.8109638988101908
235,25,4.635042554007981
105,620,7.763209991357174
352,303,-0.39435644021184746
982,660,6.247003980699499
1175,97,0.7759746716631608
48,133,6.168855886854628
27,105,-0.6701813443946885
282,3,4.459389203992197
178,445,4.474944530526185
107,91,-1.1316522573998355
1024,310,5.198518836739395
125,114,3.197809938704595
791,515,3.5362186505085673
495,515,5.342969289439219
215,71,2.4127514386781073
267,49,0.027390771332646946
643,12,15.324125518090389
370,220,4.291589020069412
379,224,3.3111109372888787
379,638,5.74204696107473
909,183,8.619976950214518
402,401,2.7749447925521733
6,3,6.539143784841671
1147,368,0.37115348204447024
1217,302,6.859748301502282
66,244,0.8180645176513415
309,69,5.578008267121538
440,75,11.087267171868639
593,168,1.7982638257738979
145,242,7.201838005808044
370,5,5.740547025477165
242,207,-0.3601731414853526
1218,183,5.904011236663271
352,94,0.8457937576745289
738,826,2.170136005420642
689,516,3.805388487817112
365,55,11.864902253540672
178,582,4.000155078212333
64,294,3.400044223214263
534,51,1.8197941162837643
220,168,3.029552447817275
23,40,-0.6833979934793821
26,12,-2.722026668990936
892,594,-2.101388405168014
302,919,2.9837594576806206
501,771,3.164870624923385
535,611,7.9613743814212246
479,13,0.5212233171184367
501,11,5.404816153564186
970,163,6.264050939089693
209,186,2.08261429567614
20,13,0.39702440992760796
605,774,4.372572522643279
233,568,7.254813343549672
111,212,1.849060061195658
660,551,5.138135442931701
523,170,10.459806820791648
844,124,1.0716273686418234
898,534,5.75876466785302
638,656,7.699869206199778
457,681,8.431245617449415
188,11,4.387302445923261
1,2,10.671869027316509
852,177,1.6740487644511366
915,861,9.577588491100595
1018,127,0.01679064196311425
557,153,4.0639222644954955
629,55,9.11518092805581
361,358,13.188789136610575
459,13,3.0681949043677337
871,529,8.448186990100378
801,581,5.3298871403372985
379,246,3.9735587265187666
420,22,0.949573966718782
265,80,3.0353397536811833
896,535,-1.0889128876384724
398,94,5.181034107429151
1117,303,4.788667703744208
242,210,8.736309500187783
59,215,2.704539714118062
57,143,10.620060649552064
547,94,6.728879061719208
675,401,2.6296381503175277
64,101,2.19097057195076
740,186,13.338016676551423
151,48,2.2249662382228537
96,140,2.567734801954156
1024,183,3.795202050662637
8,28,3.8870438208244233
304,111,12.002185817375302
818,738,0.6023752793506758
1144,751,8.522268000339594
887,584,2.1499881773366503
1153,768,7.324787809934652
294,113,8.779605287881726
653,391,9.104734030991771
927,177,4.328040619863421
766,775,6.622565617708591
173,5,0.9095055323621805
431,1,12.244264656912176
848,692,10.878824545471286
688,177,5.49587895162374
910,805,8.600201078792882
1015,733,6.546954541320285
106,95,-1.7954508128502966
766,774,12.114824196829813
114,102,1.8987106027334526
871,782,12.086381517992512
22,40,-1.3731224362266694
270,84,0.6680617113786633
59,152,3.615722745926277
302,963,6.724520949076075
59,234,-1.2782334531439898
1098,118,4.455138751654344
1141,189,6.185642244013673
29,40,1.0486929186052094
1020,535,5.763622242953819
1020,629,6.138744288315976
659,246,10.30831747073844
681,1060,1.8859983799270907
736,118,1.9099779161910861
79,74,6.33966890828118
487,127,-2.3200497021308197
146,9,8.224733591760883
302,967,8.751851422865057
153,109,0.24509783409085453
14,42,1.0569187678927943
23,210,1.6528869464595648
858,55,7.221623465610346
160,37,2.0637379633011217
777,534,-2.7869253826929987
782,118,5.551079627329347
138,11,3.574623458013934
252,66,10.516858406427515
738,769,11.105931574437935
928,183,5.361774975007653
277,3,1.7134833701165784
109,383,10.329426823290598
172,94,2.0855375410509187
539,474,3.5874841978485827
168,222,-2.5002348263760363
158,40,2.8371978352876286
64,33,1.2960055846954857
270,655,4.2920595688724115
79,151,1.3958722418763576
141,45,5.303454870962239
445,957,1.634431612382282
64,103,3.1899159253776133
302,303,2.657099501943886
787,339,1.4336507809260193
1099,368,2.096637270957684
73,76,13.713266113713948
398,5,2.8244342860802734
325,150,3.763276668199428
747,126,2.8468965205082606
23,381,4.219764358493596
309,11,4.752980048768674
874,681,2.1901053442738716
931,403,5.761170608897585
27,150,-1.790022271819357
605,329,6.279531265154112
412,79,-1.6169386249920161
694,81,9.586366286732458
41,15,8.8761105739118
764,739,3.7730190010492834
65,243,5.027946703968466
61,27,0.7376203092825189
459,288,4.15710460963705
660,638,4.618828487737933
302,712,1.8503338096824684
66,103,0.5001798832759474
483,1072,-2.6037308076601273
173,76,-1.7083219451874605
927,122,1.6580435476365059
147,11,3.87927638119779
1003,898,8.97372682599236
412,168,1.6761379741526654
71,103,2.6255717713769693
802,712,1.2286324384641691
684,126,0.888224812137844
171,433,13.115141730460902
833,462,7.521945811889682
464,539,7.004783478473604
516,763,2.9596411354920606
786,807,-2.225716704395147
689,446,-2.5333529613911177
99,47,-0.3941211785890528
84,97,-3.231136030748173
578,239,2.1523665886940604
393,153,5.330606652046477
68,337,7.223455439200142
379,163,5.580656049040005
651,867,8.68205560942621
568,11,5.004064600886591
811,487,4.263345403452432
101,35,2.3272714935710024
63,275,10.700108557169168
413,632,5.183349356089327
248,59,4.165879473494279
864,534,4.637496324657908
3,240,-0.22989571821126265
250,217,3.6472135733319733
182,688,18.06602792525213
105,79,4.496648976465144
569,3,1.5015500679166165
201,215,13.381087132991613
295,5,5.382618589025713
1079,148,1.2489445375912827
742,119,4.34620958896395
290,211,0.11911394436431895
938,593,9.5078880593105
15,198,0.9323108722885511
229,670,2.8332643371989246
94,149,6.000688680626816
1151,425,5.486978219399847
779,368,6.2844949467181825
107,240,1.3925545760806206
68,64,-0.04319050204444623
913,351,4.009813755483194
762,15,0.723725043440683
747,222,5.523671089204309
829,155,1.4217643504865876
110,47,-1.0605917787061752
250,80,3.0339935884971654
539,222,2.0228389704560463
935,892,2.761676530565793
105,108,-7.121748646195533
155,51,2.1634992105208477
3,103,-0.7889620047548878
127,1018,4.585604524688522
102,172,1.9311357620189906
145,109,-0.34143687039019854
290,94,-1.8357729577726927
712,160,5.881468776747113
244,109,0.007617512961236139
764,1072,2.7343812520892548
605,519,4.881858551888235
71,11,6.8700216499691305
128,89,1.3542297872225824
177,403,6.2137576615509635
330,307,6.111382336844601
200,210,6.7194481309319665
1139,224,3.1487641593355677
446,652,19.128836393714142
5,136,2.3205603151561975
35,118,8.308667228603337
678,303,5.122473191875461
109,154,-0.4187714322493611
437,337,16.806121575222292
384,69,6.364646468533333
833,5,3.4686560389636636
302,114,2.3928775443790182
817,733,2.799336665953506
987,77,5.147748530158537
515,655,5.965203482826466
1079,114,4.8661884956155985
1186,451,9.792986888350839
722,74,7.194408481540869
46,89,1.7093517059920726
99,6,3.105750446898147
579,51,0.29068307507421964
150,42,-0.6294965856159671
300,238,3.095225125261218
267,173,1.7159308549077084
461,53,5.483167816538863
339,551,4.0813782892334896
215,645,14.35892565107638
689,124,7.916361244308521
166,11,2.7582710602997595
873,733,7.270432009972309
169,170,9.646205859885727
958,168,6.1030121185580475
689,765,2.4171813410040595
215,216,9.114402500654865
539,436,0.743848230183711
258,187,6.108670890585743
1111,736,-2.7346314116988104
182,3,1.3576303918832044
145,47,-1.323362881929555
495,667,7.670188546636155
776,907,5.908699935079665
32,101,0.5574009119613731
1007,177,7.889258032972368
156,76,17.696227017972454
709,35,7.652635228169453
23,83,1.533534281481266
82,49,4.235136501625544
32,8,2.2054119691882663
982,984,14.010677549658876
539,403,2.479046280818619
1013,768,10.017778354573759
22,9,3.120779923699828
459,165,-1.0205394193863344
790,121,9.337309016229447
76,183,7.405364623832599
412,11,6.21090886730601
186,5,3.200383414296613
1218,462,2.24783596723631
459,11,0.4864510775543306
874,487,2.5063645321737837
84,102,0.6297264550133606
224,761,7.99821622239139
747,770,4.291614509248196
108,205,3.1319702781234597
961,183,4.281877052769437
109,32,5.6930171964892855
334,34,4.848868230002694
171,45,6.702858899449433
97,95,3.165766231333804
159,50,-1.623544327824084
812,738,9.638595215061956
346,55,10.780728833729206
93,12,2.1292368813324325
266,22,0.9678767187428471
267,9,-1.684772764665171
342,30,11.34600746813882
94,37,6.756762327801507
252,49,7.9670162580182655
8,235,3.9320641140567187
863,183,5.507660968752118
222,582,8.95560164255298
548,184,4.486137348132581
457,6,11.281085249635797
545,547,10.731316277038761
201,147,6.921445562555747
1022,189,8.736139429997102
654,353,7.079684943932194
106,81,-2.2941944107575836
379,594,7.987269002090137
94,219,2.6307462315362495
339,485,4.201679057219909
408,48,8.31331826806624
867,870,3.3752543099839376
1020,777,5.423582546265433
1071,505,7.500894780154104
57,600,19.638916316085112
953,55,9.117614465880889
160,1056,3.093272295141271
40,33,3.2001636271779264
155,214,10.278711140847141
118,24,6.263431010737271
539,155,3.720284006952833
913,118,2.484930294508046
153,91,-0.28198971696765496
182,32,0.3166617365046655
168,339,3.605309141781153
803,76,5.263292079601287
172,107,1.271116398279966
107,76,2.205568355114853
1038,113,10.9477836476888
350,123,6.37260140059631
1020,116,10.751863494955792
338,349,-0.9882182636188447
660,547,6.824314385575056
927,16,1.8327230133639143
800,403,4.939907941331625
992,246,4.357172767674323
459,12,-1.0267599646120262
379,774,6.558496486717508
60,58,3.5864506525975592
913,846,7.200316681292194
896,451,0.34889885403593274
479,11,4.845900372248899
861,352,2.685021758726512
651,895,0.9809359590797819
223,39,5.513136290178288
123,120,1.23071417300631
763,224,1.2245528393974552
484,534,1.027566899346231
678,927,-0.8583119227174724
302,922,4.775517279010931
118,303,-2.6280245979959553
114,899,0.08583539198770365
751,118,1.293287427042539
414,137,4.23004272762264
132,10,17.036081668912363
957,846,14.09312893816544
909,100,11.959864284229385
159,152,3.1349766633238274
158,80,2.0457463718458735
64,95,3.085058375060544
294,614,10.760050855278743
516,127,-0.13841632109074675
1026,183,2.68985245576921
991,582,3.5537024242070414
1215,965,4.647054257462084
215,217,10.228839353692228
829,551,3.916721125686869
436,127,4.051943288473237
275,32,-2.5255101941925395
1207,348,6.01913949587862
406,99,8.711455868833117
337,26,2.39172262759557
107,109,3.3556981478690133
624,154,5.125939806352361
173,55,13.096107658330322
13,41,-0.28151027327907613
183,119,6.426322772153462
325,275,1.043304922138887
987,218,3.1178602535536726
16,127,5.805901361555448
738,126,3.563464300526438
736,748,7.993389758147594
171,414,8.76904611735089
999,122,6.763404332847387
687,76,9.663223266205936
214,108,11.223761153472473
515,114,3.1891757232432716
1150,118,2.5785535290039276
740,770,-2.3047726987437205
1123,55,10.52020422078767
1086,117,4.090188730222563
104,32,-4.1486065936158765
293,76,13.296430573951023
302,935,7.045314618602783
224,198,4.435587072510565
209,171,-4.704349164891283
790,669,6.507315696017335
84,219,-1.2583031787243102
756,829,7.3908778248464
1003,887,9.500131519979282
350,120,8.616071636552821
37,534,2.9463369962302375
413,349,9.656593702079713
13,36,4.462790018575409
883,759,7.371824208406173
182,692,8.196305619016078
240,93,-4.798397407955608
193,102,4.821841702288814
2,57,12.695834744965897
325,228,15.650041649914586
267,104,0.8433126063069184
41,121,7.703923774447311
387,88,13.05303845317526
550,551,11.470291066718726
1169,593,8.604873422266191
325,329,6.7009672621379295
867,312,3.6385859328069383
215,283,3.2939755434515767
63,238,-1.5316403888703787
812,117,2.6823800331565786
583,1057,16.598866508829243
20,69,2.957266989111488
461,158,0.0988796128183399
942,177,9.076251647491787
277,11,3.93830081295999
75,249,1.817387871101813
269,183,9.641250026088157
229,651,5.790961126839884
339,907,2.9868111213708897
1111,802,2.92714105745639
214,222,5.23141945109481
746,118,5.090160816426365
746,462,2.6358590854985837
748,839,2.7586639161898745
927,784,-0.5446620309569168
248,94,0.434147499714273
118,119,0.868711469977922
1006,931,2.0479485327016937
270,584,-3.2063167610696
1018,763,4.3206235425329655
41,193,-1.6409193059810105
352,777,-5.081741809936516
745,118,0.44119844701730315
1140,751,9.939872258786469
1164,5,2.205137372267943
942,352,3.2141412964329685
151,383,3.943685839657462
149,153,-2.9450605990929177
114,349,5.56752679674224
70,112,3.869638936412848
1185,403,6.3445364603200956
933,77,3.6475232112882967
580,178,3.1225880321179513
820,934,9.716789123388319
150,216,7.692224290839295
985,462,3.0043385194564487
584,370,7.924765266026166
244,33,0.40980203067665083
929,125,3.9389626024749234
118,15,5.615679282542972
631,349,2.7344864809019187
770,777,4.282759306874306
104,8,4.2995161160054325
324,108,3.874293236365163
109,121,6.490171312986544
2,113,7.072685687204005
791,15,1.3525955063345334
146,151,4.808002078975799
784,611,3.9533679446325083
757,667,1.3726029251665914
985,177,2.384858524434004
84,113,0.8851160312023887
153,48,-0.750707966628159
856,805,6.514242689961253
864,539,0.1166535496710262
1064,487,9.303876684088847
734,462,8.711600952220397
991,593,2.614875151341249
982,55,4.657335768686
350,55,14.456084642734469
779,97,2.6193861614781286
102,11,2.494091252205789
1218,594,5.895199810968807
392,846,5.022234374432415
266,75,0.8540804524714168
605,391,1.4623476014528316
820,115,14.968526004028567
70,103,5.331009368120855
485,712,1.0831961917887376
324,23,3.4014878884654403
818,77,14.845163323722632
970,15,2.9051157228581492
84,350,1.707914740789748
182,64,3.730707765343143
738,462,-2.289556472971032
1139,148,5.3151043551593835
3,93,-3.0145075867643074
651,866,3.910212709386218
22,47,1.6414563622698615
485,436,-0.22333274618103388
1123,846,11.043414804442499
991,86,1.0493009962936206
597,55,8.566622337646672
168,485,-7.490383111102701
187,358,7.126157443767491
638,484,11.024445769600101
137,438,8.952625834691093
126,224,4.981379617728993
1150,630,4.678656719264972
583,445,0.8806572571509844
111,84,3.797365044460965
485,487,7.819042821354523
99,38,3.9633070841573725
242,159,3.3423669234201907
365,113,1.6259175544443434
98,3,1.7716065413274422
903,224,4.819517292086172
370,226,2.6742358185260775
578,31,3.574722580858551
858,183,11.310725653683962
48,166,11.790250771921375
109,108,-0.05033391915763022
740,338,4.539479394216548
282,5,3.2500001612821556
82,40,0.950716805956239
1115,368,4.112888553218924
286,5,3.1320818126004695
171,141,-0.25609341462413504
1103,123,6.1384777926863405
309,31,12.895234520447227
42,5,3.146079427072486
1150,515,0.7429588028016594
898,535,2.500660852780674
117,999,6.671457942205984
13,165,5.009763624003856
485,12,4.468910313635307
624,27,1.3080700978617472
105,205,7.760993446306991
675,243,6.040179337232753
874,951,7.931936247668001
829,582,1.0981169817718563
407,3,3.372027347336603
27,96,0.9905644899761685
982,688,5.614894801563652
61,300,5.873026915350573
446,224,5.147601413668781
831,551,2.057983343628858
732,198,6.441830353184869
118,121,0.8358024428822669
877,224,3.4223668518160926
1195,113,7.3979898232083245
126,90,5.232178368223955
5,108,-1.3442369823027382
32,43,4.450196931228207
31,536,20.0
26,32,2.7017299846083125
790,689,1.6324123896690972
374,75,8.43376802612366
370,518,8.444389222354479
302,1038,4.059073666866993
302,802,8.741004489658435
250,186,4.361986333648628
1028,127,3.8183232267061586
302,834,3.850596859185885
1215,124,6.9422764543098685
527,57,12.398191405496133
875,785,13.471694283759351
250,163,10.597043907436097
412,51,6.053328673855142
153,169,4.592653448560726
1038,768,5.068848987887069
841,148,10.304587916794132
188,584,10.866670012714556
240,26,1.6603273454250966
1017,593,5.015232477864455
219,121,3.6315665000860693
98,27,1.9311055384406912
1103,400,1.7009752435279621
800,222,1.5116898767789124
652,310,6.415986174305221
93,83,-4.258603464599096
660,773,6.263647272594217
105,209,2.9430314494852725
596,49,3.8845807144092883
111,40,1.3316039115378822
800,183,3.6372873161033517
574,38,8.702390848872444
605,353,-5.683152717546882
131,338,10.658317587086794
66,95,3.0327504093020767
451,86,7.374542573171686
153,158,-1.64744086655887
1215,699,3.673996274654715
28,187,1.7689213426390475
736,372,5.4557636545259
111,350,-3.74742665465595
982,833,5.259948090322798
486,605,1.0444273882014987
60,32,-2.624878314751989
12,116,11.093016610620966
12,5,-0.6230359032085226
391,741,11.18229829375563
449,113,9.136614002929125
621,77,14.903472698491955
785,462,8.739635287664765
157,159,-2.180979226217217
10,403,7.709357840471819
762,846,7.671854981610834
624,99,0.058860166521213585
1018,121,1.0695740052000295
1111,808,11.980675444508782
22,171,0.927465866134187
756,77,8.660916975048746
71,75,-0.39781301203601677
579,212,0.009938029951951397
402,321,8.2096941158362
260,136,6.030335470179427
785,772,2.383959380675352
411,68,2.0688582598921466
476,183,6.5254812538922495
638,652,6.925751480316573
786,736,2.2762353244954117
99,110,0.6036425970214111
535,116,1.8371926819596935
698,5,5.121932529378989
874,993,5.99380395714159
403,593,0.4085564628748705
57,3,2.1893489811293283
1020,501,7.993856114909296
95,100,6.070997021651914
324,394,9.356568714695543
461,107,9.567029429405393
302,820,2.5147514939448854
831,782,9.638671972686167
71,24,-1.2269134292436144
65,135,0.4081118429600966
929,177,1.343996483325653
826,539,5.189795941731345
736,744,12.110620760172417
159,278,1.6835361295536724
766,349,1.3352240121336245
652,446,9.538587237135392
850,710,14.565587553476446
829,855,6.755747364220266
361,5,1.6147037079615643
536,486,0.6733818991444414
1082,368,14.334547191634137
1099,485,4.719673387316505
1119,178,2.186596892509703
131,113,3.1957195610181164
248,81,-4.100688941376236
191,5,7.346520756076909
775,486,1.4183426532581378
709,5,3.453373440073157
929,55,1.716736502938195
106,22,-5.878641299620257
884,86,-1.125472295604462
891,932,12.180110581540344
1205,855,11.165726154201803
79,212,2.5460958881445364
302,1041,4.68572504454404
1087,118,3.179020688474699
247,76,6.755822917173359
907,667,11.454962747809518
958,667,10.345646203172171
486,786,2.509041165836597
138,10,3.58904919206364
215,94,4.4462835018951665
326,241,2.825276043765726
204,20,4.45182537046985
763,1018,8.929090720644878
59,81,2.8634354246496785
735,710,12.6804778900396
106,46,0.3735685090895816
265,112,-0.2375761470674861
449,168,10.631952875151605
763,518,3.918799881595056
111,150,1.5865157378176413
586,587,9.097472682454828
386,30,9.929753562760654
445,808,2.5940126898836176
668,207,11.858629609843145
209,89,4.911591383363129
32,200,4.255305302302778
105,167,4.829593568665749
238,234,1.8336164721094388
179,183,11.890169509277309
68,232,5.645652762100525
270,768,1.3625550354091698
841,689,4.3886420026502915
1107,445,5.5933821776174275
962,55,3.0317437328454924
811,808,4.986556046583152
1104,55,8.889010064190071
270,991,3.5451902812371943
829,790,0.4042807094455253
484,394,9.402784211662393
926,712,6.981264343958658
151,68,-1.063876541146169
247,13,1.9871629255382084
159,47,2.105587174148888
97,310,2.765714316330437
856,582,7.672661610374549
182,294,5.313308478860828
112,244,-1.5160703274074843
14,136,2.1082080918572346
1174,83,9.108141045143299
131,26,3.14203054568598
51,91,-0.5617965632477376
517,514,7.607673901365628
3,111,-0.8985199114460796
269,505,7.291066405889253
660,485,-0.11252905100090742
1057,835,12.971083506633708
193,172,0.5435427071582524
962,750,6.432117602270588
414,201,5.9142443723961815
445,764,3.6546257372870232
1074,445,4.673119470218268
403,117,-2.543787559745766
596,8,8.166446256379974
224,186,-2.837785187512024
486,122,-2.668378689671911
747,168,1.0243739681245858
918,220,13.857106296141597
265,211,1.2441616442693708
892,121,0.8110624896780432
827,302,2.8278738683007827
745,582,6.3079414733581745
660,1018,0.7373011881576159
632,177,5.086573337579153
267,64,-1.0625785666002887
196,3,7.301064204420757
689,519,1.2005952763123882
535,163,2.554328879302774
107,284,4.167164360102014
1140,183,6.454986206300273
712,933,0.6995418492461363
537,886,16.546307731167982
334,160,20.0
19,42,1.3691725342700058
35,83,1.9863328779520306
784,656,12.087421836979713
550,183,12.106524394056915
47,129,4.3182828780137585
763,777,4.617618511533316
165,121,1.3491530675211552
678,752,2.418224169635982
1111,763,5.799837626368793
734,198,7.094666407789457
13,69,1.8790787897008803
158,37,3.596888604067252
19,38,3.116223217558253
267,24,2.287985856426476
188,2,8.615410989233755
445,866,3.8765039901061353
962,403,6.317255618777153
1048,605,4.201668674106831
829,485,0.4548102657526722
896,462,2.6772315639671898
35,32,4.033838591872107
178,611,3.1882178201330094
153,6,-0.2889998206343454
539,445,-0.8774146422201343
267,11,1.1419873321787866
302,495,4.086100773159424
689,745,3.9973769207579406
16,403,7.653959872338002
975,1128,13.159271212312468
135,3,2.3208198803894797
260,79,3.367104063575665
127,745,3.9213808139452193
28,310,5.4737467462282945
497,80,1.0327111276200591
1144,116,4.2642470385426225
148,782,4.665935039773269
607,5,3.4124395350723535
420,99,0.4432282684757101
500,103,7.025592272857422
460,68,13.966021652718476
157,11,4.071140248524637
535,189,2.4655839821573595
302,759,6.435965790056645
484,630,10.228547233660615
337,219,2.922753033479715
187,107,1.5029843194647676
3,203,2.8467595614977323
829,611,3.5526859134334026
970,118,6.05384292814534
309,241,3.2547694183686646
496,497,3.376754285378931
369,370,11.431007982384251
681,871,0.8299467275620083
515,125,-1.309491531629772
908,593,7.931910844331382
893,594,-0.15748993798654176
23,4,1.7443255966478375
65,108,5.908306195477826
1163,117,1.788252322549187
675,207,3.420521981227169
485,516,-2.533567495293385
779,219,3.5205067295847012
310,6,6.731347784799947
458,283,13.114033916737663
1090,51,9.123423334988837
874,919,8.606299588784703
786,350,5.232633123741361
826,987,9.221746035668875
802,302,0.1286713844980924
1,12,1.6406579118584939
91,103,10.17587371636863
675,186,7.530643236111959
302,678,2.126506248735671
219,102,1.7308007056302674
254,6,3.2242519691284266
235,286,7.4608693821637555
175,72,7.341902972765066
994,824,6.408257448819175
756,761,14.431633698930813
526,143,15.288039461605807
933,689,6.291287349754851
157,331,1.9881467730607354
59,30,3.638838114416881
1006,529,3.7105838392524317
949,302,3.6045658413293236
8,32,-1.8289980770497252
810,782,4.464737516933898
240,284,9.350325464210895
861,51,8.106044626099594
106,40,1.6589602683578155
844,771,-0.7370387804075001
913,774,2.2490335294602697
266,72,7.376720064612138
778,155,6.666153891082794
415,14,4.74020878359045
818,445,4.022476434411879
646,22,6.065861760941159
678,501,3.672547194854293
118,755,3.6456822157113007
82,8,2.136989147116419
578,675,6.204262544649982
91,94,0.8915901611822167
473,476,7.7506476731182135
653,1044,6.592473930540307
957,445,7.503467031955631
178,518,0.4906995595913886
128,93,2.0005793354315515
437,186,11.329222630439334
228,277,13.603512488499593
445,784,-3.9405088777771904
318,55,10.237162626627821
338,224,-1.5492597328209563
59,3,-1.0666873392055765
416,108,2.97979385087204
233,241,4.317948621497614
802,178,0.4291359238839137
985,445,-0.322621880967471
168,353,0.7569623010921303
1141,97,1.8822346029937038
985,155,9.448373586192462
886,845,9.400893674875503
486,127,-2.3290416839343835
95,13,3.325899727683724
801,761,1.5680869116364569
238,184,-0.6159883128215947
624,10,8.524759437398545
107,9,4.608982764530865
794,485,2.6720934994881036
829,655,4.438170214910176
432,41,9.185599644874019
829,303,6.2078871982396775
928,582,0.40383867386683836
51,166,2.889218687184802
812,534,7.534895841676553
129,30,3.207448070678663
20,112,3.2171376752843024
1134,177,6.614952485529079
243,69,0.1323281890484726
22,75,0.5554823987775888
1118,587,12.123278473705088
578,2,4.324127958215427
688,582,-4.660052995684608
240,258,-0.07616255743105088
285,70,6.35418829595793
1034,117,2.9166970096601346
40,13,0.11907101363872462
182,152,7.265356257954395
64,143,1.3730734862383582
536,630,5.535006331103928
736,484,12.251100603235535
247,79,1.897032535610116
302,1033,5.7345130848121
120,629,6.782064810502357
454,2,9.757467447597662
515,303,6.8400852509323995
64,83,2.5137589823910615
863,594,4.309263361317125
547,445,3.743522177338794
663,957,8.125163021744092
370,125,-3.1755984718345998
895,762,5.802082240939027
5,42,1.3188606450155216
712,302,1.6661685151040677
111,47,2.361587605478882
812,189,8.534377076893316
461,113,4.645374993119031
579,12,1.432462781485808
137,5,-1.665283199793177
338,516,-1.365904868753173
55,474,2.381028052234961
623,90,11.629927884584001
1151,198,5.809004922655576
108,80,4.6321790644636955
276,47,11.618144414752992
159,66,6.178695107086256
934,189,7.094792299629982
173,130,7.822641349082623
487,9,8.416320708507596
1125,805,5.715906240530897
125,451,5.03714560233558
766,772,2.952677144005299
23,234,3.6457249408664927
243,72,3.9562992337749328
445,582,1.3573800198908652
579,149,-0.0823954909027814
689,487,-0.13007446279583823
804,758,7.548312571293003
1028,794,5.103034085197233
293,83,2.813168586063899
1080,302,4.084403999179589
766,391,7.299872432441628
2,188,3.9134675409808652
212,91,1.8634059659773148
605,1084,8.234705560817511
802,84,1.6852666547377522
146,8,6.1307138997849675
112,150,5.834690113055779
626,46,0.6940660467656264
894,117,2.567550170427649
68,248,15.157261847403305
99,48,5.995605281552245
117,805,3.296172214264373
654,115,1.7159570501613228
19,113,9.254008093369661
56,57,15.304952228892306
605,765,5.0182121357033695
302,1019,7.274132848642334
689,611,10.680367906629325
684,120,2.469298755602571
475,6,12.402738104190227
746,349,-0.5961447858574865
779,323,7.363974331516734
127,841,0.3082243797318252
352,119,0.3122518451424961
173,23,3.0103577778034825
382,9,11.883314861813657
829,178,1.7444500275612123
802,160,2.7619402134322586
326,13,0.8419344352343422
1052,774,9.88769922766847
741,183,0.33633478817003
892,593,0.2084411090667705
483,403,8.180778450873339
29,13,3.607153916465171
432,99,5.254513422495216
337,131,0.09222729398347018
13,26,-0.2508509058057946
479,47,2.916801173008651
27,72,-4.105345501260163
200,411,1.8268884258822402
745,15,3.120450068071356
445,801,-2.6548220323509515
464,886,13.360802744171446
830,630,5.857296112703567
1218,101,4.066201169920691
1104,844,7.816422406416833
994,77,7.440906570788878
233,242,-2.7669557150170117
866,55,5.969699120888508
61,58,-0.15647869511566573
791,487,12.179766676817765
241,8,2.024985827498003
66,76,3.706920049556627
71,59,0.17205380696463304
373,436,6.170858997947377
786,691,2.3421361324855807
94,42,5.606869398474035
536,117,2.520621048757581
159,46,-1.6602980993628618
677,348,6.631279401584973
105,552,11.175330368808842
1107,117,1.6163388203194298
200,413,-1.2151678684456193
738,736,-2.3482777111158075
792,870,2.5671973438815985
459,46,1.2995213108340267
285,55,7.635838195713778
1056,329,10.015001343419346
785,737,6.050860925697723
580,778,3.8414974013721785
1039,1033,3.4270494305334154
105,287,5.184287867718375
41,247,5.171016733212216
936,594,1.5895955485496867
429,168,6.432113204567967
807,845,5.151021619215635
894,224,1.6346551639337545
413,91,6.947059084730677
420,103,3.268944163467156
808,593,8.50141050216983
763,1072,3.7148747105515985
1157,121,10.732187978564102
70,55,9.865698306889445
545,222,12.281102626703074
103,40,5.83610759612008
1140,117,6.526596363124734
99,187,10.83393935243556
985,121,1.4270958633431363
1127,266,11.105090973611025
260,235,0.7999585729879626
233,38,5.148326438032037
515,352,-1.547244921068058
405,215,11.164011165472665
631,37,7.212232105619548
766,115,6.294832993849526
391,118,6.506906294694886
326,193,1.0039994769997587
702,165,11.287922095498983
3,72,-2.6611971680413724
1147,183,3.816267408337814
286,27,2.276972434742852
689,97,3.5409547243640036
15,777,0.3221676429958553
748,302,3.8255456376055315
391,222,10.875034134832463
12,94,-4.102029478883536
716,74,4.138552355402979
32,383,6.384130219854041
892,699,3.1745712503134396
581,97,9.769967861610475
892,303,-2.198045677290392
763,764,-1.4808697013550551
802,91,2.113944533559811
75,262,4.426519982943792
661,170,7.526850220593725
786,219,0.8790424325712055
64,200,4.507594445777405
302,984,9.799394464010883
123,125,-3.2122295917141894
173,30,0.4768680493804296
281,310,9.471385353644802
350,451,4.791747166337231
736,593,-4.029231023413017
258,82,1.0122357872092405
65,61,1.763996935639299
896,753,2.355943189921525
801,593,2.432142940426971
99,108,2.6756451364476
757,178,6.167200397669482
1173,535,3.8951544895834003
1136,403,6.034487941787812
393,9,7.273922563499648
579,310,3.142003865069359
135,254,3.827607727098215
432,109,1.0197602291989025
548,278,10.883793549726182
599,76,7.750651153864255
188,8,1.6816057386222159
141,40,2.582645901404727
398,91,4.924527996100299
215,34,8.13650161407596
759,681,5.351079448918468
270,177,6.006614821396249
294,173,8.143410468196686
200,64,4.670570168200329
640,5,4.209081063820428
32,112,0.5155072078290661
579,159,7.104288600625294
248,292,0.34505973866399
248,112,-0.911003549540903
791,867,4.155554686692598
884,436,6.6516911425167615
490,24,7.5970808019651885
712,118,0.6251159834429011
187,308,2.6874517598901493
741,773,4.808909941383066
857,748,6.671576348540064
942,310,2.4560887176868675
776,189,3.1225439211919195
276,32,11.016598927202928
483,762,5.788780513099141
696,33,6.454373271561459
105,88,12.441923815984897
59,61,-2.389845983983694
839,611,7.523022621822885
147,128,10.68344463946846
678,1034,2.7567161179248076
747,425,2.2816777818313927
198,177,4.16259732085899
82,90,-0.6307853066651177
68,22,3.0748042032194753
102,84,4.092918962441856
675,36,7.762385904167341
302,894,2.8873216344154016
447,99,4.847075719020675
352,584,2.7342470546463074
350,113,2.6854387038479954
594,486,3.5519731883822705
982,50,8.017490359199217
241,88,11.32732366978597
605,121,0.5681862313409057
578,231,5.034807486460587
57,190,7.218511745990917
71,72,3.440170014217963
44,51,-1.1870726148310957
22,10,1.0551061606940142
79,12,0.3824600055992633
125,115,-0.5027319331792119
109,80,1.9587301769575014
800,762,9.379183034291788
1110,403,3.858642707048564
29,14,4.668711628838538
579,36,0.4432259705036939
459,37,4.155306292708902
751,594,0.45285152893337766
178,124,2.094849069957876
171,8,2.115819766554008
899,177,-0.5683065035912038
59,211,3.7311713407164007
1048,462,5.373491293085127
137,408,3.922174895401094
1115,224,2.7394037322852998
675,35,3.0599365198986925
501,581,6.450927558544608
1107,584,7.821825337753947
681,857,3.559359072654076
738,825,6.328453407795356
1168,302,3.7509550818379203
27,211,0.08278791588529366
1218,118,0.5257819397344508
107,151,3.2564026657064886
98,284,3.136543532329811
578,107,2.389428980107623
801,462,3.1656134946380545
149,79,1.003243891342896
96,90,-1.2401728039740412
534,143,-1.9575193393036754
107,136,3.4536498869462307
861,97,9.660135594506315
299,63,-0.18762630324594967
370,113,1.700996893482425
240,260,1.023838375907662
265,46,-1.197038485587997
578,377,2.5757341526632205
784,400,11.12954786135104
778,198,7.281024792436469
800,115,-0.24811189229182215
302,972,10.290652361449894
302,836,3.7576532009879333
84,451,7.354882424841474
459,112,1.9395977469176782
104,284,9.51699997745987
209,153,0.9745243222670046
97,43,5.695548431031923
187,430,11.936630317213952
667,302,1.8809254357718532
678,827,2.085198776036446
118,899,2.7279550383907734
114,11,0.4833238627944214
151,69,-1.4673096826485266
289,222,4.668009124145819
777,100,5.647364350133159
117,353,-1.781728080784554
1039,183,10.691412692452891
748,593,8.138032276288834
856,857,1.5344135180869354
539,116,1.1892514859058374
856,772,11.03589868729497
184,214,13.939693759673947
413,5,-0.07870062816323996
26,6,7.267340559665386
15,118,-1.1630430105770961
1151,117,4.122495356860803
250,143,0.7038144300401556
654,302,2.3464028618886377
772,117,1.1452937526733618
96,76,3.5256924626281636
779,115,6.296546478387404
535,582,2.146980096545884
105,60,8.247836404959738
68,121,10.523551405395315
747,148,5.320084320879859
681,870,0.05694907497619582
458,456,2.254948619283857
519,348,4.98439933447997
138,128,6.706243782933869
99,14,0.19360240853537786
992,177,5.046398529866295
26,72,2.680554719325752
578,163,-4.347359139711622
867,928,4.367524819424027
300,171,0.5679126394717993
410,222,5.106355292310459
953,302,6.746447079195669
913,403,2.192987575781669
41,89,1.9584379589938288
579,172,1.712706307184069
379,892,4.0006006924277795
930,681,8.116974744853154
746,755,2.6254938544186044
652,127,5.003808562112025
413,222,9.73883809052871
403,118,2.0240403977814103
71,9,-1.0814437183186025
159,179,0.7066239914109753
158,3,1.2209523965119227
544,89,9.150698494649282
638,486,9.462465335139006
1174,189,2.0846652848552862
90,68,4.925594628695544
738,819,9.990937876314726
484,113,8.8917888812073
849,118,8.571356947018751
125,391,1.7678462231219207
171,154,1.284589532610705
370,795,3.4252745828129703
787,86,5.217737488327739
193,2,-0.4895709456098002
337,102,6.125447146944463
927,303,2.7688824620178085
81,104,4.175936511203198
22,104,-1.564431983661548
27,50,0.82429939453223
338,348,8.614903652052746
762,999,2.77091890490108
741,353,-6.855457368826863
742,86,0.30162340489698297
1018,177,2.475795490042133
480,11,8.747016700728164
876,120,12.757625412783428
899,782,6.618291973670582
557,159,9.019850053218857
18,2,10.970882074418478
177,122,1.1520251774994774
1035,118,0.9208063565879012
111,105,0.7087406610672659
930,224,4.1278261124840805
484,121,2.7971653588403003
844,582,-0.01815167243158544
23,99,0.5874401766273614
992,349,-1.3171966749166675
157,193,4.159455583860085
824,738,5.132307241448141
802,678,8.02309692673935
63,15,6.562245092847028
1099,446,3.457545405331305
159,95,1.4731558986116435
1105,55,3.0893054707612446
302,740,1.947300279751588
913,1121,5.187819868142384
1068,224,0.8031932825025146
904,903,0.30009996971785363
741,224,3.7952570507866388
125,582,4.9401517499809104
1201,534,15.947318900867009
204,43,13.718575287072733
445,762,2.332813085018201
486,594,2.4730291328262766
660,741,2.51796408309836
203,109,2.2892249354004277
398,90,2.2951637919292978
678,802,6.030024166438867
787,219,-3.0972951335032937
102,90,1.5252282398515182
29,55,1.604061172983417
164,5,3.3748796262649763
66,265,-0.7791209653569545
14,27,0.9267552341821935
487,15,0.9120472580629198
126,761,10.986968288915998
684,3,2.5541607777685904
125,94,2.294527212105165
267,241,0.7833788996920753
775,177,10.169811693661531
194,197,2.70446131868197
941,178,7.54409604044505
68,150,5.9168249875204655
1121,446,1.229432605183717
857,869,3.9183435714037063
337,90,1.867951374667089
918,593,7.921486110655627
1215,224,-2.375649435625265
607,13,4.617700519699901
761,224,7.826986735497003
1218,391,5.204301184668809
722,184,3.8428239518933203
736,224,5.0481166764509
1002,425,2.589328835802054
50,23,-1.2264080284120462
513,84,8.000142587766524
861,198,5.9183022573261885
738,582,4.325049861370786
822,86,9.203013396084868
5,75,-0.3414954963856242
1010,777,7.031708714192048
932,349,4.568205599046665
787,94,3.7877811989747525
94,119,-1.8592729352680213
669,839,10.135009839416815
491,5,4.593199217453608
1210,2,11.980646923010301
173,12,1.7610424643785012
393,177,1.9520537473955655
674,121,8.61834038881296
114,840,9.395796639712708
242,171,4.904687050002216
668,57,6.164479669583519
778,768,7.59802810450739
64,166,4.997538922109213
240,25,2.956893389421889
535,898,6.908869116157987
23,20,1.96946811284927
848,593,4.745993337990041
857,457,3.6007107903465694
105,147,3.7876508950151933
349,183,2.640490585629232
98,106,4.698855488193539
1074,113,6.520331783550795
538,368,3.9452492239289483
740,303,3.9655653962879036
114,352,-1.7626972807591428
68,51,5.628651784692876
94,27,-0.859585309326315
584,15,0.6735235786531087
913,97,1.5317523760313467
651,787,2.7178656965940506
215,132,6.221382060585967
856,809,10.898649889732802
1064,348,1.1988459911618394
436,283,5.938003456935867
112,27,-1.4226071202590356
